{"xValues": [1, 2, 3, 4, 5, 6, 7, 8, 9, 10], "voltage_battery": [31, 40, 27, 28, 41, 26, 27, 28, 37, 29], "battery_remaining": [98, 98, 98, 98, 98, 98, 98, 98, 98, 98], "airspeed": [0.0, 0.0, 0.0, 0.0, 0.0, 0.0, 0.0, 0.0, 0.0, 0.0], "climb": [-0.0, -0.0, -0.0, -0.0, -0.0, -0.0, -0.0, -0.0, -0.0, -0.0], "alt": [1.46999990940094, 1.659999966621399, 1.6899999380111694, 1.6799999475479126, 1.8199999332427979, 1.649999976158142, 2.0, 1.6999999284744263, 1.7899999618530273, 1.8899999856948853], "groundspeed": [0.0, 0.0, 0.0, 0.0, 0.0, 0.0, 0.0, 0.0, 0.0, 0.0], "roll": [-1.0224162340164185, -1.017844319343567, -0.9624729156494141, -0.7704489827156067, -0.983279824256897, -1.285426139831543, -2.8325326442718506, -2.8105788230895996, -2.761201858520508, -2.5152077674865723], "pitch": [-0.2764885723590851, -0.27484405040740967, -0.38945499062538147, -0.5715088248252869, -0.42772939801216125, -0.3084207773208618, -0.5959184169769287, -0.5154352188110352, -0.5315507650375366, -0.6551519632339478], "yaw": [-2.7635631561279297, -2.769619941711426, -2.7732014656066895, -2.8692495822906494, -2.803313970565796, -2.746232032775879, -2.368459701538086, -2.3539233207702637, -2.354295253753662, -2.4171018600463867]}