{"xValues": [1, 2, 3, 4, 5, 6, 7, 8, 9, 10], "voltage_battery": [0, 0, 0, 0, 0, 0, 0, 0, 0, 0], "yaw": [-1.2937414646148682, -1.292750597000122, -1.29267156124115, -1.292618989944458, -1.2926158905029297, -1.292663335800171, -2.3331868648529053, -2.2819437980651855, -0.6598278284072876, -0.6587745547294617]}