{"xValues": [1, 2, 3, 4, 5, 6, 7, 8, 9, 10], "voltage_battery": [11533, 11450, 11409, 11434, 11378, 11277, 11483, 11358, 11512, 11318], "battery_remaining": [100, 100, 100, 100, 100, 100, 100, 100, 100, 100], "airspeed": [0.0, 0.0, 0.0, 0.0, 0.0, 0.0, 0.0, 0.0, 0.0, 0.0], "climb": [-0.0, -0.0, -0.0, -0.0, -0.0, -0.0, -0.0, -0.0, -0.0, -0.0], "alt": [1.5199999809265137, 1.8399999141693115, 1.71999990940094, 1.5799999237060547, 1.6299999952316284, 1.8399999141693115, 1.8799999952316284, 1.9799998998641968, 1.8499999046325684, 1.9299999475479126], "groundspeed": [0.0, 0.0, 0.0, 0.0, 0.0, 0.0, 0.0, 0.0, 0.0, 0.0], "roll": [-0.023291897028684616, -0.04203256219625473, 0.09149929136037827, 0.04244329780340195, -0.12198235094547272, -0.33933645486831665, -0.1861628293991089, -0.172006294131279, -0.04939647391438484, -0.07304064184427261], "pitch": [0.12671461701393127, 0.04579684138298035, 0.14632992446422577, 0.14584000408649445, -0.11009972542524338, -0.2436995506286621, -0.23336423933506012, -0.3046243190765381, -0.13500039279460907, -0.04045054316520691], "yaw": [2.537525177001953, 2.308595657348633, 2.402050495147705, 2.4604196548461914, 2.4035918712615967, 2.3537545204162598, 2.272096633911133, 2.3151371479034424, 2.3094334602355957, 2.2505271434783936]}