{"xValues": [1, 2, 3, 4, 5, 6, 7, 8, 9, 10], "voltage_battery": [33, 29, 30, 30, 28, 28, 30, 31, 28, 28], "battery_remaining": [96, 96, 96, 96, 96, 96, 96, 96, 96, 96], "airspeed": [0.0, 0.0, 0.0, 0.0, 0.0, 0.0, 0.0, 0.0, 0.0, 0.0], "climb": [-0.0, -0.0, -0.0, -0.0, -0.0, -0.0, -0.0, -0.0, -0.0, -0.0], "alt": [4.710000038146973, 4.880000114440918, 5.039999961853027, 4.789999961853027, 4.779999732971191, 4.900000095367432, 4.980000019073486, 4.819999694824219, 4.690000057220459, 4.96999979019165], "groundspeed": [0.0, 0.0, 0.0, 0.0, 0.0, 0.0, 0.0, 0.0, 0.0, 0.0], "roll": [-1.1303997039794922, -1.450526237487793, -1.3527543544769287, -1.0975260734558105, -0.9389863610267639, -0.9566038250923157, -0.8468466401100159, -1.079248309135437, -1.2543423175811768, -1.3098819255828857], "pitch": [-0.1156722754240036, -0.5623746514320374, -0.7561246156692505, -0.7803188562393188, -0.7499865889549255, -0.5930618047714233, -0.3696361184120178, -0.5373388528823853, -0.623050332069397, -0.5022319555282593], "yaw": [-2.368145227432251, -2.2840845584869385, -2.282578706741333, -2.362438678741455, -2.4195804595947266, -2.4147160053253174, 2.702733039855957, 2.9177260398864746, -3.0938384532928467, -2.8041226863861084]}