{"xValues": [1, 2, 3, 4, 5, 6, 7, 8, 9, 10], "voltage_battery": [32, 40, 38, 38, 35, 35, 31, 30, 31, 32, 31, 40, 39, 37, 30, 32, 32, 32, 36, 41], "airspeed": [0.0, 0.0, 0.0, 0.0, 0.0, 0.0, 0.0, 0.0, 0.0, 0.0, 0.0, 0.0, 0.0, 0.0, 0.0, 0.0, 0.0, 0.0, 0.0, 0.0], "climb": [-0.0, -0.0, -0.0, -0.0, -0.0, -0.0, -0.0, -0.0, -0.0, -0.0, -0.0, -0.0, -0.0, -0.0, -0.0, -0.0, -0.0, -0.0, -0.0, -0.0], "alt": [0.25999999046325684, 0.29999998211860657, 0.3100000023841858, 0.3799999952316284, 0.44999998807907104, 0.550000011920929, 0.41999998688697815, 0.2199999988079071, 0.3499999940395355, 0.6399999856948853, 0.6200000047683716, 0.6800000071525574, 0.5699999928474426, 0.5899999737739563, 0.5099999904632568, 0.6399999856948853, 0.5, 0.41999998688697815, 0.5899999737739563, 0.6499999761581421], "groundspeed": [0.0, 0.0, 0.0, 0.0, 0.0, 0.0, 0.0, 0.0, 0.0, 0.0, 0.0, 0.0, 0.0, 0.0, 0.0, 0.0, 0.0, 0.0, 0.0, 0.0], "roll": [-0.5069377422332764, -0.508286714553833, -0.5079852342605591, -0.5082218647003174, -0.5078649520874023, -0.5074111223220825, -0.5078020095825195, -0.5076888799667358, -0.5076873302459717, -0.5075616836547852, -0.5073400139808655, -0.5000815391540527, -0.500731885433197, -0.501248836517334, -0.501480758190155, -0.5014668107032776, -0.5014191269874573, -0.5013476610183716, -0.5015817284584045, -0.5019895434379578], "pitch": [-0.34903421998023987, -0.34377628564834595, -0.34413352608680725, -0.34361666440963745, -0.3440694808959961, -0.344459593296051, -0.34377914667129517, -0.34387412667274475, -0.344209223985672, -0.34415698051452637, -0.3444693386554718, -0.3599097430706024, -0.35903242230415344, -0.35829290747642517, -0.35803407430648804, -0.3581101894378662, -0.35817453265190125, -0.3581981956958771, -0.3578738272190094, -0.3573472499847412], "yaw": [-2.8334977626800537, -2.8203413486480713, -2.820904493331909, -2.8196308612823486, -2.8204052448272705, -2.8210277557373047, -2.8192875385284424, -2.8191347122192383, -2.819593906402588, -2.8189213275909424, -2.8193161487579346, -2.8532981872558594, -2.852015256881714, -2.8509113788604736, -2.8508453369140625, -2.8513412475585938, -2.851716995239258, -2.852219581604004, -2.8520796298980713, -2.851202964782715]}