{"xValues": [1, 2, 3, 4, 5, 6, 7, 8, 9, 10], "voltage_battery": [17, 18, 17, 17, 17, 16, 18, 17, 17, 18], "battery_remaining": [98, 98, 98, 98, 98, 98, 98, 98, 98, 98], "airspeed": [0.0, 0.0, 0.0, 0.0, 0.0, 0.0, 0.0, 0.0, 0.0, 0.0], "climb": [-0.0, -0.0, -0.0, -0.0, -0.0, -0.0, -0.0, -0.0, -0.0, -0.0], "alt": [-0.4599999785423279, -0.7599999904632568, -0.699999988079071, -0.6800000071525574, -0.6100000143051147, -0.6699999570846558, -0.5699999928474426, -0.5299999713897705, -0.5799999833106995, -0.6699999570846558], "groundspeed": [0.0, 0.0, 0.0, 0.0, 0.0, 0.0, 0.0, 0.0, 0.0, 0.0], "roll": [-0.9168077707290649, -0.9165727496147156, -0.9166048765182495, -0.9166759252548218, -0.9165973663330078, -0.9166269302368164, -0.9164403676986694, -0.9165043234825134, -0.9164831638336182, -0.9163894653320312], "pitch": [0.10596632957458496, 0.10821283608675003, 0.10796888172626495, 0.10755863785743713, 0.10782423615455627, 0.10780617594718933, 0.10362660884857178, 0.10350751131772995, 0.10390924662351608, 0.10464827716350555], "yaw": [3.1295793056488037, 3.1329221725463867, 3.132706880569458, 3.1324520111083984, 3.1327545642852783, 3.132774591445923, 3.1319363117218018, 3.131700038909912, 3.1320040225982666, 3.132589340209961]}