{"xValues": [1, 2, 3, 4, 5, 6, 7, 8, 9, 10], "voltage_battery": [12014, 12042, 11639, 12030, 11867, 12053, 12012, 11592, 12042, 11868], "battery_remaining": [99, 99, 99, 99, 99, 99, 99, 99, 99, 99], "airspeed": [0.0, 0.0, 0.0, 0.0, 0.0, 0.0, 0.0, 0.0, 0.0, 0.0], "climb": [-0.0, -0.0, -0.0, -0.0, -0.0, -0.0, -0.0, -0.0, -0.0, -0.0], "alt": [-2.009999990463257, -2.0899999141693115, -2.2100000381469727, -2.0799999237060547, -2.2799999713897705, -2.1399998664855957, -1.399999976158142, -1.7799999713897705, -1.6799999475479126, -1.959999918937683], "groundspeed": [0.0, 0.0, 0.0, 0.0, 0.0, 0.0, 0.0, 0.0, 0.0, 0.0], "roll": [-0.07031653076410294, -0.06932529807090759, -0.06921236962080002, -0.06966923177242279, -0.06877554953098297, -0.06785070896148682, 0.04633896052837372, 0.03978889435529709, 0.0014676674036309123, -0.1436014622449875], "pitch": [-0.0970868170261383, -0.09751327335834503, -0.09740907698869705, -0.09755847603082657, -0.09737607836723328, -0.0976114273071289, -0.44145095348358154, -0.33651456236839294, -0.2848886251449585, -0.20328763127326965], "yaw": [2.5873494148254395, 2.588498592376709, 2.5859224796295166, 2.583963632583618, 2.5859179496765137, 2.585893154144287, 2.3612990379333496, 2.395465850830078, 2.414289712905884, 2.464719772338867]}